{"mean":{"confidence_interval":{"confidence_level":0.95,"lower_bound":73409235.01,"upper_bound":73885008.02},"point_estimate":73644185.93,"standard_error":121378.11624417877},"median":{"confidence_interval":{"confidence_level":0.95,"lower_bound":73163890.0,"upper_bound":73743642.5},"point_estimate":73438489.0,"standard_error":135076.29647850824},"median_abs_dev":{"confidence_interval":{"confidence_level":0.95,"lower_bound":870829.5574396849,"upper_bound":1517803.5687536001},"point_estimate":1301240.9318983555,"standard_error":175255.4980652121},"slope":null,"std_dev":{"confidence_interval":{"confidence_level":0.95,"lower_bound":1052897.5777315472,"upper_bound":1451922.321236525},"point_estimate":1258118.213665189,"standard_error":101189.15198977699}}